Workbook

Sheet _Lists
A1: Priority | B1: Type | C1: Automation | D1: Status
A2: Critical | B2: Positive | C2: Yes | D2: Not Run
A3: High | B3: Negative | C3: Later | D3: Pass
A4: Medium | B4: Regression | C4: No | D4: Fail
A5: Low | B5: Integration | D5: Blocked
B6: Security
B7: Usability
B8: Performance
B9: E2E

Sheet README
A1: SaaS Conversion Funnel QA — API Test Scenario Pack
A3: Purpose | B3: Provide reusable sample API-focused test scenarios across a Stripe-style SaaS conversion funnel, including authentication, key management, customer/payment creation, payment intents, webhooks, idempotency, subscriptions, and end-to-end API validation.
A4: How to use | B4: Open each API module sheet and update Status and Notes during execution. Summary KPIs and module counts refresh automatically.
A5: Important note | B5: These are sample QA scenarios for portfolio use and should be tailored to the exact API contracts, auth model, idempotency rules, event schema, versioning policy, and billing behavior in your target product.
A6: Default status | B6: Not Run
A7: Default priority | B7: High
A8: Primary domain | B8: SaaS QA / Payments API / Product-Led Growth Funnel
A9: Execution focus | B9: API contract validation, negative coverage, data integrity, idempotency, webhook correctness, and billing lifecycle APIs.
A11: Official reference sources
A12: Source Name | B12: URL | C12: Use in this workbook
A13: Stripe Documentation | B13: https://docs.stripe.com/ | C13: Primary product and integration documentation
A14: Stripe API keys | B14: https://docs.stripe.com/keys | C14: Reference for test and live API keys
A15: Stripe Testing Overview | B15: https://docs.stripe.com/testing/overview | C15: Sandbox and integration testing guidance
A16: Stripe Test Cards | B16: https://docs.stripe.com/testing | C16: Reference for payment success and decline scenarios
A17: Stripe Payment Intents | B17: https://docs.stripe.com/payments/payment-intents | C17: Reference for one-time payment lifecycle
A18: Stripe Billing Subscriptions | B18: https://docs.stripe.com/billing/subscriptions/overview | C18: Reference for recurring billing lifecycle

Sheet Summary
A1: SaaS Conversion Funnel - API Test Scenario Tracker
A2: API-focused QA suite for a Stripe-style SaaS conversion funnel using the same multi-tab execution-tracker structure as the OpenMRS-style portfolio trackers.
A3: Workbook Controls
A4: Default Status | B4: Not Run
A5: Default Priority | B5: High
A6: Portfolio Owner | B6: Ramon Tan Jr.
A7: Primary Domain | B7: SaaS QA / Payments API / Product-Led Growth Funnel
A9: Module Coverage
A10: Module | B10: Sheet Name | C10: Total Cases | D10: High Priority | E10: Negative Cases | F10: Automation Candidates
A11: API Authentication | B11: 10_API_Authentication | C11: =COUNTA('10_API_Authentication'!A3:A8) -> 6 | D11: =COUNTIF('10_API_Authentication'!H3:H8,"Critical")+COUNTIF('10_API_Authentication'!H3:H8,"High") -> 5 | E11: =COUNTIF('10_API_Authentication'!I3:I8,"Negative") -> 2 | F11: =COUNTIF('10_API_Authentication'!J3:J8,"Yes") -> 4
A12: API Key Management | B12: 20_API_Key_Management | C12: =COUNTA('20_API_Key_Management'!A3:A7) -> 5 | D12: =COUNTIF('20_API_Key_Management'!H3:H7,"Critical")+COUNTIF('20_API_Key_Management'!H3:H7,"High") -> 5 | E12: =COUNTIF('20_API_Key_Management'!I3:I7,"Negative") -> 0 | F12: =COUNTIF('20_API_Key_Management'!J3:J7,"Yes") -> 2
A13: Payment Intents & Charges | B13: 30_Payment_Intents_Charges | C13: =COUNTA('30_Payment_Intents_Charges'!A3:A9) -> 7 | D13: =COUNTIF('30_Payment_Intents_Charges'!H3:H9,"Critical")+COUNTIF('30_Payment_Intents_Charges'!H3:H9,"High") -> 7 | E13: =COUNTIF('30_Payment_Intents_Charges'!I3:I9,"Negative") -> 2 | F13: =COUNTIF('30_Payment_Intents_Charges'!J3:J9,"Yes") -> 5
A14: Webhooks & Idempotency | B14: 40_Webhooks_Idempotency | C14: =COUNTA('40_Webhooks_Idempotency'!A3:A8) -> 6 | D14: =COUNTIF('40_Webhooks_Idempotency'!H3:H8,"Critical")+COUNTIF('40_Webhooks_Idempotency'!H3:H8,"High") -> 6 | E14: =COUNTIF('40_Webhooks_Idempotency'!I3:I8,"Negative") -> 1 | F14: =COUNTIF('40_Webhooks_Idempotency'!J3:J8,"Yes") -> 4
A15: Subscriptions & Billing API | B15: 50_Subscriptions_Billing_API | C15: =COUNTA('50_Subscriptions_Billing_API'!A3:A8) -> 6 | D15: =COUNTIF('50_Subscriptions_Billing_API'!H3:H8,"Critical")+COUNTIF('50_Subscriptions_Billing_API'!H3:H8,"High") -> 5 | E15: =COUNTIF('50_Subscriptions_Billing_API'!I3:I8,"Negative") -> 1 | F15: =COUNTIF('50_Subscriptions_Billing_API'!J3:J8,"Yes") -> 2
A16: API End-to-End | B16: 60_API_E2E | C16: =COUNTA('60_API_E2E'!A3:A6) -> 4 | D16: =COUNTIF('60_API_E2E'!H3:H6,"Critical")+COUNTIF('60_API_E2E'!H3:H6,"High") -> 4 | E16: =COUNTIF('60_API_E2E'!I3:I6,"Negative") -> 0 | F16: =COUNTIF('60_API_E2E'!J3:J6,"Yes") -> 3
A17: Total | C17: =SUM(C11:C16) -> 34 | D17: =SUM(D11:D16) -> 32 | E17: =SUM(E11:E16) -> 6 | F17: =SUM(F11:F16) -> 20
A19: Execution Status
A20: Status | B20: Count | D20: Metric | E20: Value
A21: Not Run | B21: =COUNTIF('10_API_Authentication'!K3:K8,"Not Run")+COUNTIF('20_API_Key_Management'!K3:K7,"Not Run")+COUNTIF('30_Payment_Intents_Charges'!K3:K9,"Not Run")+COUNTIF('40_Webhooks_Idempotency'!K3:K8,"Not Run")+COUNTIF('50_Subscriptions_Billing_API'!K3:K8,"Not Run")+COUNTIF('60_API_E2E'!K3:K6,"Not Run") -> 34 | D21: Total Test Cases | E21: =C17 -> 34
A22: Pass | B22: =COUNTIF('10_API_Authentication'!K3:K8,"Pass")+COUNTIF('20_API_Key_Management'!K3:K7,"Pass")+COUNTIF('30_Payment_Intents_Charges'!K3:K9,"Pass")+COUNTIF('40_Webhooks_Idempotency'!K3:K8,"Pass")+COUNTIF('50_Subscriptions_Billing_API'!K3:K8,"Pass")+COUNTIF('60_API_E2E'!K3:K6,"Pass") -> 0 | D22: Executed Cases | E22: =SUM(B22:B24) -> 0
A23: Fail | B23: =COUNTIF('10_API_Authentication'!K3:K8,"Fail")+COUNTIF('20_API_Key_Management'!K3:K7,"Fail")+COUNTIF('30_Payment_Intents_Charges'!K3:K9,"Fail")+COUNTIF('40_Webhooks_Idempotency'!K3:K8,"Fail")+COUNTIF('50_Subscriptions_Billing_API'!K3:K8,"Fail")+COUNTIF('60_API_E2E'!K3:K6,"Fail") -> 0 | D23: Execution % | E23: =IFERROR(E22/E21,0) -> 0
A24: Blocked | B24: =COUNTIF('10_API_Authentication'!K3:K8,"Blocked")+COUNTIF('20_API_Key_Management'!K3:K7,"Blocked")+COUNTIF('30_Payment_Intents_Charges'!K3:K9,"Blocked")+COUNTIF('40_Webhooks_Idempotency'!K3:K8,"Blocked")+COUNTIF('50_Subscriptions_Billing_API'!K3:K8,"Blocked")+COUNTIF('60_API_E2E'!K3:K6,"Blocked") -> 0 | D24: Pass Rate | E24: =IFERROR(B22/E22,0) -> 0
D25: Fail Rate | E25: =IFERROR(B23/E22,0) -> 0

Sheet 20_API_Key_Management
A1: Update the Status and Notes columns during execution. Summary KPIs and counts refresh automatically.
A2: TC_ID | B2: Module | C2: Scenario | D2: Preconditions | E2: Steps | F2: Test Data | G2: Expected Result | H2: Priority | I2: Type | J2: Automation Candidate | K2: Status | L2: Notes
A3: KEY-API-001 | B3: API Key Management | C3: Authorized user can generate a new test API key | D3: Verified admin/developer user is logged in | E3: 1. Open API key management 2. Generate test key | F3: Authorized account | G3: New test key is created and displayed according to product rules | H3: Critical | I3: Positive | J3: Yes | K3: Not Run | L3: Key creation
A4: KEY-API-002 | B4: API Key Management | C4: Rotating API key invalidates prior key based on product design | D4: User has an existing active key | E4: 1. Rotate existing key 2. Call API with old key 3. Call API with new key | F4: Old and new key values | G4: Old key behavior matches design and new key authenticates successfully | H4: High | I4: Integration | J4: Later | K4: Not Run | L4: Rotation behavior
A5: KEY-API-003 | B5: API Key Management | C5: Unauthorized user cannot view or manage secret keys | D5: Restricted user exists | E5: 1. Attempt to access key page or API | F5: Restricted role | G5: System blocks access to secret key functions with controlled error/redirect | H5: Critical | I5: Security | J5: Yes | K5: Not Run | L5: RBAC
A6: KEY-API-004 | B6: API Key Management | C6: Environment labels distinguish sandbox and live keys clearly | D6: User can access key page | E6: 1. Open keys page 2. Review labels/toggles | F6: Test and live environments | G6: Sandbox and live credentials are clearly separated to prevent accidental live calls | H6: High | I6: Usability | J6: Later | K6: Not Run | L6: Env separation
A7: KEY-API-005 | B7: API Key Management | C7: Secret key is not fully exposed after page refresh or re-entry if product masks values | D7: Key masking feature is supported | E7: 1. Reveal key 2. Refresh page 3. Reopen key view | F7: Masked secret key | G7: Secret handling matches security design and does not leak beyond allowed reveal flow | H7: High | I7: Security | J7: Later | K7: Not Run | L7: Secret masking

Sheet 10_API_Authentication
A1: Update the Status and Notes columns during execution. Summary KPIs and counts refresh automatically.
A2: TC_ID | B2: Module | C2: Scenario | D2: Preconditions | E2: Steps | F2: Test Data | G2: Expected Result | H2: Priority | I2: Type | J2: Automation Candidate | K2: Status | L2: Notes
A3: API-AUTH-001 | B3: API Authentication | C3: Valid secret key authenticates request successfully | D3: API endpoint and valid test secret key are available | E3: 1. Call protected endpoint with valid key 2. Review HTTP status and response body | F3: Valid sandbox secret key | G3: API returns success response and expected resource payload | H3: Critical | I3: Positive | J3: Yes | K3: Not Run | L3: Happy path auth
A4: API-AUTH-002 | B4: API Authentication | C4: Invalid secret key is rejected with authentication error | D4: Protected endpoint is available | E4: 1. Call endpoint with invalid key | F4: Invalid secret key | G4: API returns 401/403 style auth error and no resource is created | H4: Critical | I4: Negative | J4: Yes | K4: Not Run | L4: Bad credential
A5: API-AUTH-003 | B5: API Authentication | C5: Missing auth header is rejected cleanly | D5: Protected endpoint is available | E5: 1. Call endpoint without Authorization header | F5: No auth header | G5: API blocks request with controlled auth error | H5: High | I5: Negative | J5: Yes | K5: Not Run | L5: Missing auth
A6: API-AUTH-004 | B6: API Authentication | C6: Restricted API key cannot access unauthorized endpoint | D6: Lower privilege or scoped key exists | E6: 1. Call restricted endpoint using scoped key | F6: Restricted/scoped key | G6: API denies access based on scope/role without data leakage | H6: High | I6: Security | J6: Yes | K6: Not Run | L6: Scope enforcement
A7: API-AUTH-005 | B7: API Authentication | C7: Versioned API request returns expected schema for supported version | D7: Versioned endpoint is available | E7: 1. Call endpoint with supported API version header | F7: Supported API version | G7: Response schema and fields match expected contract for that version | H7: Medium | I7: Regression | J7: Later | K7: Not Run | L7: Version contract
A8: API-AUTH-006 | B8: API Authentication | C8: Expired or revoked key cannot be reused | D8: Revoked or expired key is available | E8: 1. Call endpoint with expired/revoked key | F8: Revoked key | G8: API rejects request and audit trail reflects invalid credential use if applicable | H8: High | I8: Security | J8: Later | K8: Not Run | L8: Revoked key

Sheet 30_Payment_Intents_Charges
A1: Update the Status and Notes columns during execution. Summary KPIs and counts refresh automatically.
A2: TC_ID | B2: Module | C2: Scenario | D2: Preconditions | E2: Steps | F2: Test Data | G2: Expected Result | H2: Priority | I2: Type | J2: Automation Candidate | K2: Status | L2: Notes
A3: PAYAPI-001 | B3: Payment Intents & Charges | C3: Create customer API returns success with expected identifiers | D3: Valid auth and payload are available | E3: 1. POST create customer 2. Review response body | F3: Valid customer payload | G3: API returns success and unique customer ID | H3: Critical | I3: Positive | J3: Yes | K3: Not Run | L3: Customer create
A4: PAYAPI-002 | B4: Payment Intents & Charges | C4: Create payment intent with valid amount and currency succeeds | D4: Customer or direct payment flow is supported | E4: 1. POST payment intent 2. Review response | F4: Valid amount/currency payload | G4: Payment intent is created with expected status and identifiers | H4: Critical | I4: Positive | J4: Yes | K4: Not Run | L4: Intent create
A5: PAYAPI-003 | B5: Payment Intents & Charges | C5: Malformed amount or currency is rejected with validation error | D5: Payment intent endpoint is available | E5: 1. Submit invalid amount/currency | F5: Negative amount or unsupported currency | G5: API returns structured validation error and no payment object is created | H5: High | I5: Negative | J5: Yes | K5: Not Run | L5: Payload validation
A6: PAYAPI-004 | B6: Payment Intents & Charges | C6: Duplicate request with same idempotency key does not create duplicate charge | D6: Idempotency header is supported | E6: 1. Submit request 2. Retry same request with same idempotency key | F6: Repeated payload + same idempotency key | G6: Single business result is produced and duplicate charge is prevented | H6: Critical | I6: Integration | J6: Yes | K6: Not Run | L6: Idempotency
A7: PAYAPI-005 | B7: Payment Intents & Charges | C7: Declined test card returns expected failure status and error object | D7: Decline simulation is supported | E7: 1. Confirm payment using declined test card | F7: Declined sandbox card | G7: API returns failure status and no false success record | H7: Critical | I7: Negative | J7: Yes | K7: Not Run | L7: Decline handling
A8: PAYAPI-006 | B8: Payment Intents & Charges | C8: Payment intent lifecycle statuses move consistently from creation to final outcome | D8: Lifecycle transitions are observable | E8: 1. Create intent 2. Confirm or fail it 3. Review statuses | F8: Sandbox payment intent | G8: Status progression matches documented lifecycle for success/failure path | H8: High | I8: Regression | J8: Later | K8: Not Run | L8: Lifecycle
A9: PAYAPI-007 | B9: Payment Intents & Charges | C9: Timeout or interrupted confirmation does not produce inconsistent final state | D9: Timeout simulation is possible | E9: 1. Start payment confirmation 2. Simulate interruption 3. Re-query object | F9: Interrupted confirmation flow | G9: Final status remains consistent across re-query and dashboard/event outputs | H9: High | I9: Integration | J9: Later | K9: Not Run | L9: Timeout resilience

Sheet 50_Subscriptions_Billing_API
A1: Update the Status and Notes columns during execution. Summary KPIs and counts refresh automatically.
A2: TC_ID | B2: Module | C2: Scenario | D2: Preconditions | E2: Steps | F2: Test Data | G2: Expected Result | H2: Priority | I2: Type | J2: Automation Candidate | K2: Status | L2: Notes
A3: BILLAPI-001 | B3: Subscriptions & Billing API | C3: Create subscription API activates recurring plan successfully | D3: Customer and payment method are available | E3: 1. POST create subscription 2. Review subscription and invoice objects | F3: Valid customer + payment method | G3: Subscription becomes active and related billing objects are created correctly | H3: Critical | I3: Positive | J3: Yes | K3: Not Run | L3: Subscription create
A4: BILLAPI-002 | B4: Subscriptions & Billing API | C4: Successful renewal updates invoice and subscription status correctly | D4: Active subscription exists | E4: 1. Simulate renewal 2. Review invoice and subscription | F4: Renewal-ready subscription | G4: Invoice is paid and subscription remains active | H4: High | I4: Integration | J4: Later | K4: Not Run | L4: Renewal success
A5: BILLAPI-003 | B5: Subscriptions & Billing API | C5: Failed renewal transitions objects to expected failure or dunning state | D5: Failing payment method exists | E5: 1. Trigger renewal failure 2. Inspect objects and messages | F5: Failing test payment method | G5: Invoice and subscription reflect expected failure/dunning behavior | H5: Critical | I5: Negative | J5: Later | K5: Not Run | L5: Renewal fail
A6: BILLAPI-004 | B6: Subscriptions & Billing API | C6: Updating payment method resolves future billing successfully | D6: Subscription has pending payment issue | E6: 1. Update payment method 2. Retry invoice or next cycle | F6: Replacement valid payment method | G6: Billing recovers successfully with updated payment method | H6: High | I6: Positive | J6: Later | K6: Not Run | L6: Recovery
A7: BILLAPI-005 | B7: Subscriptions & Billing API | C7: Cancel subscription API enforces expected access and lifecycle rules | D7: Active subscription exists | E7: 1. Cancel subscription 2. Re-query access/status | F7: Active recurring plan | G7: Subscription status and access reflect cancellation rules correctly | H7: High | I7: Regression | J7: Yes | K7: Not Run | L7: Cancellation
A8: BILLAPI-006 | B8: Subscriptions & Billing API | C8: Proration or plan change API computes billing adjustments correctly | D8: Plan upgrade/downgrade is supported | E8: 1. Change plan mid-cycle 2. Review upcoming invoice/proration | F8: Mid-cycle plan change | G8: Billing adjustments match documented proration logic | H8: Medium | I8: Integration | J8: Later | K8: Not Run | L8: Proration

Sheet 40_Webhooks_Idempotency
A1: Update the Status and Notes columns during execution. Summary KPIs and counts refresh automatically.
A2: TC_ID | B2: Module | C2: Scenario | D2: Preconditions | E2: Steps | F2: Test Data | G2: Expected Result | H2: Priority | I2: Type | J2: Automation Candidate | K2: Status | L2: Notes
A3: WEB-001 | B3: Webhooks & Idempotency | C3: Successful payment event is delivered with correct event type and object data | D3: Webhook endpoint and event delivery are configured | E3: 1. Complete successful payment 2. Inspect webhook payload | F3: Successful payment event | G3: Webhook contains expected event type, object ID, amount, and status | H3: Critical | I3: Integration | J3: Yes | K3: Not Run | L3: Success event
A4: WEB-002 | B4: Webhooks & Idempotency | C4: Failed payment event updates downstream state correctly | D4: Failure event delivery is configured | E4: 1. Trigger failed payment 2. Inspect webhook and downstream state | F4: Failed payment event | G4: Event payload and downstream transaction state both reflect failure accurately | H4: Critical | I4: Integration | J4: Yes | K4: Not Run | L4: Failure event
A5: WEB-003 | B5: Webhooks & Idempotency | C5: Duplicate webhook delivery is handled idempotently | D5: Webhook retry simulation is possible | E5: 1. Replay same webhook payload 2. Review downstream records | F5: Repeated event payload | G5: System processes repeated event safely without duplicate side effects | H5: Critical | I5: Negative | J5: Yes | K5: Not Run | L5: Duplicate webhook
A6: WEB-004 | B6: Webhooks & Idempotency | C6: Invalid webhook signature is rejected | D6: Signature verification is enabled | E6: 1. Send webhook with invalid signature | F6: Tampered webhook payload/signature | G6: Webhook endpoint rejects request and no business state changes occur | H6: Critical | I6: Security | J6: Yes | K6: Not Run | L6: Signature validation
A7: WEB-005 | B7: Webhooks & Idempotency | C7: Out-of-order events do not leave transaction in incorrect final state | D7: Event ordering simulation is possible | E7: 1. Deliver later event before earlier one 2. Inspect final state | F7: Out-of-order event set | G7: System resolves final state safely according to business rules | H7: High | I7: Integration | J7: Later | K7: Not Run | L7: Event ordering
A8: WEB-006 | B8: Webhooks & Idempotency | C8: Processing errors are logged and retriable without silent data loss | D8: Logging and retry behavior are available | E8: 1. Force webhook processing error 2. Review logs/retry behavior | F8: Fault-injected webhook processing | G8: System records error clearly and supports retry/recovery path | H8: High | I8: Observability | J8: Later | K8: Not Run | L8: Error handling

Sheet 60_API_E2E
A1: Update the Status and Notes columns during execution. Summary KPIs and counts refresh automatically.
A2: TC_ID | B2: Module | C2: Scenario | D2: Preconditions | E2: Steps | F2: Test Data | G2: Expected Result | H2: Priority | I2: Type | J2: Automation Candidate | K2: Status | L2: Notes
A3: APIE2E-001 | B3: API End-to-End | C3: Create customer to successful payment to webhook to dashboard record stays consistent | D3: API, webhook, and dashboard are available | E3: 1. Create customer 2. Create and confirm payment 3. Verify webhook 4. Verify dashboard | F3: Valid end-to-end sandbox payload | G3: IDs, amount, currency, and final status remain consistent across all layers | H3: Critical | I3: End-to-End | J3: Yes | K3: Not Run | L3: Core E2E
A4: APIE2E-002 | B4: API End-to-End | C4: Failed payment journey stays consistent across API object, event, and dashboard view | D4: Failure flow is configured | E4: 1. Trigger failed payment 2. Inspect API object 3. Inspect event 4. Inspect dashboard | F4: Declined test card | G4: Failure state is consistent across all system surfaces with no false success | H4: Critical | I4: End-to-End | J4: Yes | K4: Not Run | L4: Failure E2E
A5: APIE2E-003 | B5: API End-to-End | C5: Idempotent retry does not create duplicate business records anywhere in the funnel | D5: Idempotency support is enabled | E5: 1. Submit request 2. Retry with same idempotency key 3. Review records/events/dashboard | F5: Repeated request with same key | G5: No duplicate customer/charge/order side effects are created | H5: Critical | I5: Integration | J5: Yes | K5: Not Run | L5: Retry E2E
A6: APIE2E-004 | B6: API End-to-End | C6: Subscription creation to renewal failure to payment method recovery works across full lifecycle | D6: Subscription APIs and billing events are configured | E6: 1. Create subscription 2. Trigger renewal failure 3. Update payment method 4. Retry invoice | F6: Lifecycle test dataset | G6: Lifecycle states, invoices, and recovery outcomes remain consistent end-to-end | H6: High | I6: End-to-End | J6: Later | K6: Not Run | L6: Billing lifecycle E2E
